<?xml version="1.0" encoding="UTF-8" ?><marc:collection xmlns:marc="http://www.loc.gov/MARC21/slim" xmlns:xsi="http://www.w3.org/2001/XMLSchema-instance" xsi:schemaLocation="http://www.loc.gov/MARC21/slim http://www.loc.gov/standards/marcxml/schema/MARC21slim.xsd">
<marc:record><marc:leader>02614ntc a2200397Ia 4500</marc:leader>
<marc:controlfield tag="008">040320k19251994xx            000 0 eng d</marc:controlfield>
<marc:datafield tag="040" ind1=" " ind2=" "><marc:subfield code="a">ORE</marc:subfield><marc:subfield code="e">dacs</marc:subfield><marc:subfield code="c">ORE</marc:subfield></marc:datafield><marc:datafield tag="099" ind1=" " ind2=" "><marc:subfield code="a">ARCH-MSS</marc:subfield></marc:datafield><marc:datafield tag="245" ind1="1" ind2="0"><marc:subfield code="a">Prudence Wayland-Smith Papers,</marc:subfield></marc:datafield><marc:datafield tag="300" ind1=" " ind2=" "><marc:subfield code="1">8 linear feet.</marc:subfield></marc:datafield><marc:datafield tag="351" ind1=" " ind2=" "><marc:subfield code="a">Arrangement of the Collection All series are arranged alphabetically.</marc:subfield></marc:datafield><marc:datafield tag="500" ind1=" " ind2=" "><marc:subfield code="a">General 14 Feb 2012 - adds (MRC) 26 Oct 2012 - extent revised (MBD)</marc:subfield></marc:datafield><marc:datafield tag="500" ind1=" " ind2=" "><marc:subfield code="a">GeneralTransferred to Rare Books for cataloging</marc:subfield></marc:datafield><marc:datafield tag="500" ind1=" " ind2=" "><marc:subfield code="a">GeneralSee also Prison Reform: Organizations: American Friends Service Committee</marc:subfield></marc:datafield><marc:datafield tag="500" ind1=" " ind2=" "><marc:subfield code="a">GeneralSee also Prison Reform: Organizations: Auburn Prison Friends</marc:subfield></marc:datafield><marc:datafield tag="500" ind1=" " ind2=" "><marc:subfield code="a">GeneralSee also Migrant Reform: Organizations: American Friends Service Committee</marc:subfield></marc:datafield><marc:datafield tag="500" ind1=" " ind2=" "><marc:subfield code="a">GeneralSee also Migrant Reform: Organizations: New York State Council of Churches</marc:subfield></marc:datafield><marc:datafield tag="500" ind1=" " ind2=" "><marc:subfield code="a">GeneralSee also Migrant Reform: Organizations: American Friends Service Committee and Prison Reform: Organizations: American Friends Service Committee</marc:subfield></marc:datafield><marc:datafield tag="506" ind1=" " ind2=" "><marc:subfield code="a">Access Restrictions There are no access restrictions on this material.</marc:subfield></marc:datafield><marc:datafield tag="520" ind1="2" ind2=" "><marc:subfield code="a">The Prudence Wayland-Smith Papers reflect the social reform work that Wayland-Smith carried out from the 1940s to the mid-1990s. The collection is divided into four parts: general files, migrant reform, prison reform and miscellaneous reform.</marc:subfield></marc:datafield><marc:datafield tag="524" ind1=" " ind2=" "><marc:subfield code="a">Preferred Citation Preferred citation for this material is as follows: Prudence Wayland-Smith Papers,</marc:subfield></marc:datafield><marc:datafield tag="544" ind1="1" ind2=" "><marc:subfield code="a">Related Material SCRC has several collections related to prison reform and the Oneida Community. Please refer to the for a complete listing. See in particular Oneida Community and Robert Wayland-Smith Papers (Prudence's husband).</marc:subfield></marc:datafield><marc:datafield tag="546" ind1=" " ind2=" "><marc:subfield code="a">Materials in Undetermined</marc:subfield></marc:datafield><marc:datafield tag="555" ind1=" " ind2=" "><marc:subfield code="a">Finding aid available in the University Archives and on its World Wide Web site.</marc:subfield></marc:datafield><marc:datafield tag="650" ind1=" " ind2="0"><marc:subfield code="a">Children of migrant laborers.</marc:subfield></marc:datafield><marc:datafield tag="650" ind1=" " ind2="0"><marc:subfield code="a">Civil rights movement </marc:subfield><marc:subfield code="z"> United States </marc:subfield><marc:subfield code="z"> History </marc:subfield><marc:subfield code="x"> 20th century.</marc:subfield></marc:datafield><marc:datafield tag="650" ind1=" " ind2="0"><marc:subfield code="a">Migrant agricultural laborers </marc:subfield><marc:subfield code="x"> Government policy </marc:subfield><marc:subfield code="x"> New York (State)</marc:subfield></marc:datafield><marc:datafield tag="650" ind1=" " ind2="0"><marc:subfield code="a">Migrant agricultural laborers </marc:subfield><marc:subfield code="x"> Government policy </marc:subfield><marc:subfield code="x"> United States.</marc:subfield></marc:datafield><marc:datafield tag="650" ind1=" " ind2="0"><marc:subfield code="a">Migrant agricultural laborers </marc:subfield><marc:subfield code="x"> Housing </marc:subfield><marc:subfield code="x"> New York (State)</marc:subfield></marc:datafield><marc:datafield tag="650" ind1=" " ind2="0"><marc:subfield code="a">Migrant agricultural laborers </marc:subfield><marc:subfield code="z"> United States </marc:subfield><marc:subfield code="z"> 1930-1960.</marc:subfield></marc:datafield><marc:datafield tag="650" ind1=" " ind2="0"><marc:subfield code="a">Migrant agricultural laborers </marc:subfield><marc:subfield code="z"> United States </marc:subfield><marc:subfield code="z"> 1960-1970.</marc:subfield></marc:datafield><marc:datafield tag="650" ind1=" " ind2="0"><marc:subfield code="a">Migrant labor </marc:subfield><marc:subfield code="x"> Camps.</marc:subfield></marc:datafield><marc:datafield tag="650" ind1=" " ind2="0"><marc:subfield code="a">Migrant labor </marc:subfield><marc:subfield code="x"> Education </marc:subfield><marc:subfield code="x"> United States.</marc:subfield></marc:datafield><marc:datafield tag="650" ind1=" " ind2="0"><marc:subfield code="a">Prisons </marc:subfield><marc:subfield code="x"> Law and legislation </marc:subfield><marc:subfield code="x"> United States.</marc:subfield></marc:datafield><marc:datafield tag="650" ind1=" " ind2="0"><marc:subfield code="a">Race relations.</marc:subfield></marc:datafield><marc:datafield tag="856" ind1="4" ind2="2"><marc:subfield code="u"></marc:subfield><marc:subfield code="z">View the EAD finding aid.</marc:subfield></marc:datafield></marc:record>
</marc:collection>
