<?xml version="1.0" encoding="utf-8"?>
<collection xsi:schemaLocation="http://www.loc.gov/MARC21/slim http://www.loc.gov/standards/marcxml/schema/MARC21slim.xsd" xmlns="http://www.loc.gov/MARC21/slim" xmlns:xsi="http://www.w3.org/2001/XMLSchema-instance">
  <record>
    <leader>      am a       3u     </leader>
    <datafield tag="042" ind1=" " ind2=" ">
      <subfield code="a">dc</subfield>
    </datafield>
    <datafield tag="100" ind1="1" ind2="0">
      <subfield code="a">Nelson, Sandra K</subfield>
      <subfield code="e">author</subfield>
    </datafield>
    <datafield tag="245" ind1="0" ind2="0">
      <subfield code="a">Test PDF Document</subfield>
    </datafield>
    <datafield tag="260" ind1=" " ind2=" ">
      <subfield code="c">2002-06-26T19:58:25Z.</subfield>
    </datafield>
    <datafield tag="500" ind1=" " ind2=" ">
      <subfield code="a">123456789</subfield>
    </datafield>
    <datafield tag="520" ind1=" " ind2=" ">
      <subfield code="a">This abstract is really quite great. It grabs your attention at just the right spots, and holds it all the way until the end! Yep. Great abstracts do that.</subfield>
    </datafield>
    <datafield tag="540" ind1=" " ind2=" ">
      <subfield code="a">© Sandra Nelson</subfield>
    </datafield>
    <datafield tag="546" ind1=" " ind2=" ">
      <subfield code="a">en</subfield>
    </datafield>
    <datafield tag="690" ind1=" " ind2=" ">
      <subfield code="a">keyword1</subfield>
    </datafield>
    <datafield tag="690" ind1=" " ind2=" ">
      <subfield code="a">keyword2</subfield>
    </datafield>
    <datafield tag="690" ind1=" " ind2=" ">
      <subfield code="a">keyword3</subfield>
    </datafield>
    <datafield tag="655" ind1="7" ind2=" ">
      <subfield code="a">text</subfield>
      <subfield code="2">local</subfield>
    </datafield>
    <datafield tag="856" ind1="4" ind2="1">
      <subfield code="u">http://hdl.handle.net/10673/5</subfield>
      <subfield code="z">Connect to this object online.</subfield>
    </datafield>
  </record>
</collection>