<?xml version="1.0" encoding="utf-8"?>
<collection xsi:schemaLocation="http://www.loc.gov/MARC21/slim http://www.loc.gov/standards/marcxml/schema/MARC21slim.xsd" xmlns="http://www.loc.gov/MARC21/slim" xmlns:xsi="http://www.w3.org/2001/XMLSchema-instance">
  <record>
    <leader>      am a       3u     </leader>
    <datafield tag="042" ind1=" " ind2=" ">
      <subfield code="a">dc</subfield>
    </datafield>
    <datafield tag="100" ind1="1" ind2="0">
      <subfield code="a">Pierce, Robyn</subfield>
      <subfield code="e">author</subfield>
    </datafield>
    <datafield tag="245" ind1="0" ind2="0">
      <subfield code="a">Darwin on a Turtle</subfield>
    </datafield>
    <datafield tag="260" ind1=" " ind2=" ">
      <subfield code="b">none, </subfield>
      <subfield code="c">2020-10-29T15:29:00Z.</subfield>
    </datafield>
    <datafield tag="520" ind1=" " ind2=" ">
      <subfield code="a">A drawing of Darwin riding a turtle.</subfield>
    </datafield>
    <datafield tag="540" ind1=" " ind2=" ">
      <subfield code="a">CC0 1.0 Universal</subfield>
    </datafield>
    <datafield tag="540" ind1=" " ind2=" ">
      <subfield code="a">http://creativecommons.org/publicdomain/zero/1.0/</subfield>
    </datafield>
    <datafield tag="546" ind1=" " ind2=" ">
      <subfield code="a">en_US</subfield>
    </datafield>
    <datafield tag="690" ind1=" " ind2=" ">
      <subfield code="a">Darwin</subfield>
    </datafield>
    <datafield tag="655" ind1="7" ind2=" ">
      <subfield code="a">Image</subfield>
      <subfield code="2">local</subfield>
    </datafield>
    <datafield tag="856" ind1="4" ind2="1">
      <subfield code="u">http://hdl.handle.net/10673/165</subfield>
      <subfield code="z">Connect to this object online.</subfield>
    </datafield>
  </record>
</collection>