<?xml version="1.0" encoding="utf-8"?>
<collection xsi:schemaLocation="http://www.loc.gov/MARC21/slim http://www.loc.gov/standards/marcxml/schema/MARC21slim.xsd" xmlns="http://www.loc.gov/MARC21/slim" xmlns:xsi="http://www.w3.org/2001/XMLSchema-instance">
  <record>
    <leader>      am a       3u     </leader>
    <datafield tag="042" ind1=" " ind2=" ">
      <subfield code="a">dc</subfield>
    </datafield>
    <datafield tag="100" ind1="1" ind2="0">
      <subfield code="a">Smithe, Bob</subfield>
      <subfield code="e">author</subfield>
    </datafield>
    <datafield tag="245" ind1="0" ind2="0">
      <subfield code="a">How to put the be back in "bort".</subfield>
    </datafield>
    <datafield tag="246" ind1="3" ind2="3">
      <subfield code="a">borterness</subfield>
    </datafield>
    <datafield tag="260" ind1=" " ind2=" ">
      <subfield code="b">Bort House Publishing, </subfield>
      <subfield code="c">2020-10-27T19:58:42Z.</subfield>
    </datafield>
    <datafield tag="500" ind1=" " ind2=" ">
      <subfield code="a">bort</subfield>
    </datafield>
    <datafield tag="520" ind1=" " ind2=" ">
      <subfield code="a">Lorem ipsum aliquet sed rutrum iaculis sollicitudin molestie senectus malesuada, proin ut cubilia vestibulum augue tempus vehicula lobortis conubia porttitor, sit vitae aliquet donec ipsum porta fringilla et. Diam a adipiscing etiam cubilia augue primis litora, vehicula rhoncus maecenas faucibus velit ipsum primis elementum, etiam at bibendum pharetra eget nisi. Porta pretium aliquet semper mollis enim molestie ante leo viverra volutpat aenean volutpat auctor metus, inceptos eleifend leo orci donec quis quisque erat dapibus vehicula purus sodales. Libero elementum curabitur curae vitae convallis in, ad odio bibendum lacus magna, nullam venenatis molestie bibendum tortor diam sodales eget mattis ut suspendisse quis aptent curabitur nostra porta egestas. Libero in ultricies vitae ipsum tincidunt nibh integer lectus, placerat eleifend pulvinar donec sapien dictum nibh, ipsum fusce aliquam neque sociosqu lorem hendrerit auctor quisque fringilla per sagittis ad enim quisque dolor.</subfield>
    </datafield>
    <datafield tag="520" ind1=" " ind2=" ">
      <subfield code="a">Bort Foundation</subfield>
    </datafield>
    <datafield tag="546" ind1=" " ind2=" ">
      <subfield code="a">en_US</subfield>
    </datafield>
    <datafield tag="690" ind1=" " ind2=" ">
      <subfield code="a">bort</subfield>
    </datafield>
    <datafield tag="856" ind1="4" ind2="1">
      <subfield code="u">http://hdl.handle.net/10673/89</subfield>
      <subfield code="z">Connect to this object online.</subfield>
    </datafield>
  </record>
</collection>