<?xml version="1.0" encoding="utf-8"?>
<collection xsi:schemaLocation="http://www.loc.gov/MARC21/slim http://www.loc.gov/standards/marcxml/schema/MARC21slim.xsd" xmlns="http://www.loc.gov/MARC21/slim" xmlns:xsi="http://www.w3.org/2001/XMLSchema-instance">
  <record>
    <leader>      am a       3u     </leader>
    <datafield tag="042" ind1=" " ind2=" ">
      <subfield code="a">dc</subfield>
    </datafield>
    <datafield tag="100" ind1="1" ind2="0">
      <subfield code="a">Lewis, Stuart</subfield>
      <subfield code="e">author</subfield>
    </datafield>
    <datafield tag="700" ind1="1" ind2="0">
      <subfield code="a">Yates, Chris</subfield>
      <subfield code="e">author</subfield>
    </datafield>
    <datafield tag="245" ind1="0" ind2="0">
      <subfield code="a">The DSpace Course - User management and authentication options</subfield>
    </datafield>
    <datafield tag="260" ind1=" " ind2=" ">
      <subfield code="c">2008-08-14T15:44:16Z.</subfield>
    </datafield>
    <datafield tag="520" ind1=" " ind2=" ">
      <subfield code="a">This module builds upon the module 'An introduction to users and groups' which introduced the concept of authentication and authorization. The management of groups will be discussed, and this knowledge will be consolidated by creating a new administrator and adding and removing their administrative privileges. Advanced authentication options such as LDAP, Shibboleth and IP authentication will be briefly introduced.</subfield>
    </datafield>
    <datafield tag="520" ind1=" " ind2=" ">
      <subfield code="a">This course was created by the Repositories Support Project (http://www.rsp.ac.uk/) and was funded by JISC (http://www.jisc.ac.uk/)</subfield>
    </datafield>
    <datafield tag="540" ind1=" " ind2=" ">
      <subfield code="a">This work is licensed by a Creative Commons 'by-attribution sharealike' licence</subfield>
    </datafield>
    <datafield tag="546" ind1=" " ind2=" ">
      <subfield code="a">en</subfield>
    </datafield>
    <datafield tag="655" ind1="7" ind2=" ">
      <subfield code="a">Text</subfield>
      <subfield code="2">local</subfield>
    </datafield>
    <datafield tag="856" ind1="4" ind2="1">
      <subfield code="u">http://hdl.handle.net/10673/68</subfield>
      <subfield code="z">Connect to this object online.</subfield>
    </datafield>
  </record>
</collection>