<?xml version="1.0" encoding="utf-8"?>
<collection xsi:schemaLocation="http://www.loc.gov/MARC21/slim http://www.loc.gov/standards/marcxml/schema/MARC21slim.xsd" xmlns="http://www.loc.gov/MARC21/slim" xmlns:xsi="http://www.w3.org/2001/XMLSchema-instance">
  <record>
    <leader>      am a       3u     </leader>
    <datafield tag="042" ind1=" " ind2=" ">
      <subfield code="a">dc</subfield>
    </datafield>
    <datafield tag="100" ind1="1" ind2="0">
      <subfield code="a">Lewis, Stuart</subfield>
      <subfield code="e">author</subfield>
    </datafield>
    <datafield tag="700" ind1="1" ind2="0">
      <subfield code="a">Yates, Chris</subfield>
      <subfield code="e">author</subfield>
    </datafield>
    <datafield tag="245" ind1="0" ind2="0">
      <subfield code="a">The DSpace Course - Look and Feel Customisation</subfield>
    </datafield>
    <datafield tag="260" ind1=" " ind2=" ">
      <subfield code="c">2008-08-22T08:29:03Z.</subfield>
    </datafield>
    <datafield tag="520" ind1=" " ind2=" ">
      <subfield code="a">This module gives an overview of the type of customization that can be performed on a DSpace repository user interface. The module will look at the two interfaces that DSpace 1.5 supports, the XMLUI and the JSPUI detailing what they are, how they differ and the benefits of each. The module will conclude with a look at some example repository interfaces.</subfield>
    </datafield>
    <datafield tag="520" ind1=" " ind2=" ">
      <subfield code="a">This course was created by the Repositories Support Project (http://www.rsp.ac.uk/) and was funded by JISC (http://www.jisc.ac.uk/)</subfield>
    </datafield>
    <datafield tag="540" ind1=" " ind2=" ">
      <subfield code="a">This work is licensed by a Creative Commons 'by-attribution sharealike' licence</subfield>
    </datafield>
    <datafield tag="546" ind1=" " ind2=" ">
      <subfield code="a">en</subfield>
    </datafield>
    <datafield tag="655" ind1="7" ind2=" ">
      <subfield code="a">Text</subfield>
      <subfield code="2">local</subfield>
    </datafield>
    <datafield tag="856" ind1="4" ind2="1">
      <subfield code="u">http://hdl.handle.net/10673/74</subfield>
      <subfield code="z">Connect to this object online.</subfield>
    </datafield>
  </record>
</collection>