<record xmlns="http://www.loc.gov/MARC21/slim" xmlns:xsi="http://www.w3.org/2001/XMLSchema-instance" xsi:schemaLocation="http://www.loc.gov/MARC21/slim http://www.loc.gov/standards/marcxml/schema/MARC21slim.xsd">

  <leader>00151nam a22000737a 4500</leader>
  <controlfield tag="008">211007b        |||||||| |||| 00| 0 eng d</controlfield>
  <datafield ind1=" " tag="245" ind2=" ">
    <subfield code="a">Mein erstes Buch</subfield>
  </datafield>
  <datafield ind2=" " ind1=" " tag="942">
    <subfield code="2">z</subfield>
  </datafield>
  <datafield ind2=" " ind1=" " tag="999">
    <subfield code="c">1</subfield>
    <subfield code="d">1</subfield>
  </datafield>
</record>
